Country	Country Code	2010	2011	2012	2013	2014	2015	2016	2017
Afghanistan	AFG	8.433290482	6.113685169	14.43474129	3.900574875	2.690521948	1.310040404	2.366711916	2.595542453
Albania	ALB	3.710057793	2.55016086	1.419967541	1.0007546	1.774368743	2.218752054	3.352159211	3.841363666
Algeria	DZA	3.634145353	2.891865995	3.374768651	2.767638867	3.789121212	3.763466958	3.3	1.7
American Samoa	ASM	0.442477876	0.293685756	-4.39238653	-2.756508423	0.94488189	1.248049922	-2.619414484	
Andorra	AND	-5.358825775	-4.646543052	-1.615218183	0.351645002	2.277683153	0.842203518	1.889124387	1.873196616
Angola	AGO	3.452874648	3.873330694	5.177593943	6.842716537	4.703970617	2.999747493	-0.813494096	0.721699272
Antigua and Barbuda	ATG	-7.200024461	-2.079127047	3.506609222	-0.103939141	5.101940364	4.060218963	5.342479435	3.337049215
Argentina	ARG	10.12539816	6.003951693	-1.026420454	2.405323781	-2.512615321	2.731159828	-1.82254217	2.863922897
Armenia	ARM	2.199999999	4.699999999	7.200000003	3.300000002	3.600000001	3.200000002	0.199999998	7.499999999
Australia	AUS	2.052942004	2.451105083	3.891940026	2.639482357	2.558337523	2.351136441	2.827310511	1.957575422
Austria	AUT	1.837094592	2.922797636	0.680444374	0.025504101	0.828733875	1.091854232	1.450915438	3.035272679
Azerbaijan	AZE	4.854339324	0.065922768	2.200000188	5.796678396	2	1.099999809	-3.100000202	0.099999814
Bahamas. The	BHS	1.538777407	0.612897452	3.08668686	-0.410428618	-0.147988573	1.044959524	-1.689549856	1.437191339
Bahrain	BHR	4.334407088	1.983823256	3.732251521	5.416503715	4.34984233	2.861967825	3.215933639	3.884830534
Bangladesh	BGD	5.571802274	6.46438388	6.521435078	6.013596067	6.061093054	6.552633316	7.113465228	7.284208377
Barbados	BRB	0.3	0.7	0.3	0	0	0.9	2	1.671064204
Belarus	BLR	7.793697905	5.543710696	1.731392764	1.023985463	1.723085689	-3.829569366	-2.526450606	2.421906267
Belgium	BEL	2.744213272	1.798302659	0.234796924	0.200650444	1.293265235	1.426956809	1.412292015	1.729766762
Belize	BLZ	3.32444222	2.103950804	3.801292507	0.713299838	4.045302801	3.794991955	-0.486536511	0.883603673
Benin	BEN	2.110199297	2.962750351	4.816478241	7.189716312	6.351831941	2.095808383	3.96485991	5.584195081
Bhutan	BTN	11.73085436	7.890913893	5.071709815	2.142496554	5.745455168	6.597448486	7.990705411	6.818777705
Bolivia	BOL	4.126722565	5.204092718	5.122274661	6.796011706	5.460569752	4.857187895	4.263919404	4.195207019
Bosnia and Herzegovina	BIH	0.86798323	0.955704511	-0.821736963	2.349390744	1.149628083	3.07674732	3.144077384	3.031388275
Botswana	BWA	8.563631748	6.048316367	4.456167213	11.34342425	4.149252786	-1.697930592	4.31550627	2.359197082
Brazil	BRA	7.541798636	3.985277615	1.933107889	3.010305581	0.508210254	-3.549767247	-3.468162856	0.976085681
Brunei Darussalam	BRN	2.598965746	3.745318352	0.912841671	-2.126028517	-2.34974675	-0.566814609	-2.46551471	1.328751395
Bulgaria	BGR	1.324087801	1.914905853	0.030969869	0.862165094	1.328756736	3.617459615	3.941097844	3.561642856
Burkina Faso	BFA	5.373373126	6.626865192	6.452698755	5.792589317	4.326837357	3.894548057	5.924577561	6.742653542
Burundi	BDI	3.785902543	4.191625681	4.01936553	4.594054218	4.660918184	-3.921142751	-0.570434451	0.51913901
Cabo Verde	CPV	1.466790097	3.968886345	1.081918279	0.802797601	0.611212666	1.006863728	3.817470428	3.891335233
Cambodia	KHM	5.963078575	7.069569946	7.313345505	7.356665149	7.142571101	7.036087179	6.953094396	6.814723618
Cameroon	CMR	3.422507641	4.129277161	4.543265016	5.40426571	5.884059327	5.651463744	4.450453266	3.177084706
Canada	CAN	3.08351422	3.141219001	1.745472283	2.475001859	2.855739204	1.000882494	1.414102746	3.047350681
Central African Republic	CAF	3.046634733	3.300719157	4.112797869	-36.69995244	1.040018047	4.799886081	4.531285963	4.299938053
Chad	TCD	13.55010086	0.082869798	8.882576072	5.700001363	6.899985045	2.767675685	-6.255527085	-2.953771549
Chile	CHL	5.844177296	6.110918829	5.318628	4.045004298	1.766739784	2.305257138	1.265867603	1.489906004
China	CHN	10.63614046	9.536443008	7.85626211	7.757635146	7.297665959	6.900204817	6.7	6.9
Colombia	COL	3.971800705	6.589511516	4.043943806	4.874065579	4.39360834	3.052016573	2.043059733	1.768071778
Comoros	COM	2.199999982	2.600000088	2.999999972	3.499999994	2.061639469	1.015118459	2.200000023	2.5
Congo. Dem. Rep.	COD	7.107976576	6.87467089	7.086898947	8.481956636	9.470288098	6.91618781	2.399379098	3.70085075
Congo. Rep.	COG	8.751601459	3.420665681	3.799971313	3.440705249	6.779916158	2.646485877	-2.800018788	-4.589083578
Costa Rica	CRI	4.951863844	4.30710166	4.796919919	2.2690274	3.515338564	3.631690989	4.156361507	3.191803724
Cote d'Ivoire	CIV	2.017638592	-4.387254788	10.7065041	8.889421302	8.79407739	8.842865442	8.342113096	7.797005627
Croatia	HRV	-1.420441324	-0.32596709	-2.244694661	-0.648034654	-0.096176262	2.347349627	3.165417824	2.778282661
Cuba	CUB	2.390352297	2.802300836	3.014900289	2.747602563	1.047576632	4.438333589		
Cyprus	CYP	1.317777804	0.321196	-3.058274021	-5.933958448	-1.403767772	1.97906359	3.396787702	3.879754768
Czech Republic	CZE	2.273420052	1.777833187	-0.799844281	-0.483671041	2.715116132	5.309238519	2.59332602	4.289078941
Denmark	DNK	1.870992639	1.336774667	0.226468476	0.933349282	1.619374971	1.606608994	1.964077129	2.240138922
Dominica	DMA	0.672542759	-0.231011331	-1.073508102	-0.60763179	4.427687542	-2.543734679	2.638450556	-4.213529417
Dominican Republic	DOM	8.33965106	3.133423003	2.717367897	4.875205093	7.636031824	7.033371069	6.612208223	4.551815138
Ecuador	ECU	3.525298669	7.868140919	5.641962067	4.946511267	3.788868549	0.098872608	-1.576379183	2.998152934
Egypt. Arab Rep.	EGY	5.14510637	1.779594033	2.215608782	2.185466054	2.91591188	4.372019078	4.346643456	4.181221
El Salvador	SLV	2.106213123	3.811814778	2.81407469	2.375194341	1.979256733	2.377628955	2.580577366	2.322597438
Equatorial Guinea	GNQ	-8.924175889	6.52392363	8.312871844	-4.133192499	0.415061836	-9.089058793	-8.57588213	-3.220228142
Estonia	EST	2.259075894	7.597300209	4.307258988	1.936543444	2.890710968	1.674286623	2.063262785	4.854136829
Eswatini	SWZ	3.793754968	2.247229761	4.71815574	6.420804855	1.931010027	0.391128861	1.368694073	2.000625958
Ethiopia	ETH	12.55053834	11.17829624	8.647811635	10.58227004	10.25749296	10.39246302	7.56176669	10.24581085
Fiji	FJI	2.954672074	2.705142971	1.411313661	4.734220415	5.603514517	3.844407023	0.380003448	3.800000088
Finland	FIN	2.992337502	2.570817745	-1.42618936	-0.758036295	-0.631728091	0.135082255	2.135381815	2.634254746
France	FRA	1.965657376	2.079229174	0.182693034	0.576241546	0.947586472	1.067461647	1.187650381	1.819400181
Gabon	GAB	7.088692053	7.092010328	5.252365931	5.638928732	4.313995325	3.879257595	2.082380316	1.104719332
Gambia. The	GMB	6.526297452	-4.295121773	5.599761222	4.788921982	0.900000083	4.299999773	2.216333663	3.500000132
Georgia	GEO	6.24941822	7.22152322	6.350482702	3.387043755	4.62333166	2.880318509	2.848973396	4.98609476
Germany	DEU	4.079933305	3.660000155	0.491992829	0.489584482	1.92969041	1.743205394	1.943625428	2.222824755
Ghana	GHA	7.899711912	14.04712365	9.292789414	7.312525021	3.985865624	3.837040864	3.721902905	8.507156219
Greece	GRC	-5.479037108	-9.132494153	-7.300493935	-3.241425025	0.739777123	-0.290902297	-0.244314741	1.351328389
Greenland	GRL	1.735825059	-0.496519392	1.39419336	-1.694664658	5.312726049	0.31010915	7.662998895	
Grenada	GRD	-0.511266454	0.764825341	-1.155295176	2.352300913	7.34314562	6.437965461	3.683789093	3.730320732
Guam	GUM	2.091612633	0.12292563	2.025782689	1.845166466	1.555730603	0.484777972	0.347356233	
Guatemala	GTM	2.869902893	4.161945918	2.970025412	3.697177338	4.174400627	4.140044358	3.092487959	2.760329473
Guinea	GIN	4.820715414	5.612104279	5.916911732	3.934784025	3.707451613	3.81494989	10.45410582	8.24984423
Guinea-Bissau	GNB	4.61097091	8.084779738	-1.712683013	3.25590425	0.964560752	6.134082942	6.262805645	5.91897567
Guyana	GUY	4.138443121	5.196298129	5.276306143	5.000564991	3.846923912	3.162407787	3.316131655	2.924668313
Haiti	HTI	-5.497792337	5.523737754	2.885096051	4.234052891	2.810148498	1.211218343	1.452707027	1.173279505
Honduras	HND	3.731140344	3.835690662	4.128687749	2.791559757	3.058080562	3.840079971	3.75214891	4.78529791
Hong Kong SAR. China	HKG	6.767682599	4.814687282	1.700307798	3.10148883	2.762416633	2.38784571	2.162923295	3.79134856
Hungary	HUN	0.682378151	1.661916737	-1.643779899	2.096216708	4.227733353	3.367145175	2.21318749	3.98871037
Iceland	ISL	-3.605636983	1.963023975	1.319260091	4.30813787	2.200346891	4.311317806	7.481450239	3.642226802
India	IND	10.25996306	6.6383638	5.456387552	6.386106401	7.410227605	8.154425028	7.112686097	6.624227116
Indonesia	IDN	6.223854181	6.169784208	6.030050653	5.557263689	5.006668426	4.8763223	5.033279592	5.067680274
Iran. Islamic Rep.	IRN	5.797938302	2.645717918	-7.44455703	-0.194073471	4.60341888	-1.32064512	13.39622807	4.300015081
Iraq	IRQ	6.402564845	7.5464712	13.93643017	7.6	0.7	4.8	11	-0.780088428
Ireland	IRL	1.801679033	2.98490774	0.037154753	1.638845003	8.328379309	25.55726885	5.141460154	7.802381608
Isle of Man	IMN	9.415889627	4.814762146	6.249540692	4.493510306	5.03114162	-3.4		
Israel	ISR	5.223903929	4.65783121	1.942507688	4.111155206	3.410136515	3.037943899	4.094335591	3.331562794
Italy	ITA	1.686523403	0.576623022	-2.819013779	-1.728160802	0.113673238	0.951958872	0.85826263	1.502291372
Jamaica	JAM	-1.466295551	1.731465278	-0.623958289	0.498740903	0.682766679	0.892651592	1.373527361	0.481488516
Japan	JPN	4.191739259	-0.11542134	1.495089586	2.000267841	0.374719476	1.353823114	0.938193886	1.712581131
Jordan	JOR	2.311392474	2.586784331	2.651170555	2.828766804	3.096330275	2.39169597	2.003733642	1.970023751
Kazakhstan	KAZ	7.3	7.4	4.8	6	4.2	1.2	1.1	4
Kenya	KEN	8.405699224	6.10826372	4.563209131	5.878689477	5.357116778	5.718507131	5.869192849	4.88544448
Kiribati	KIR	-1.607639217	0.476842245	5.187798487	5.782166321	0.893016655	10.29603364	1.140247258	3.102807007
Korea. Rep.	KOR	6.496793586	3.681688569	2.292397846	2.896204935	3.341447761	2.790236167	2.929304795	3.062768462
Kosovo	XKX	3.309574839	4.812563323	2.89534857	3.431230009	1.198070976	4.094454536	4.068896143	4.466099856
Kuwait	KWT	-2.367061944	9.628436082	6.626388081	1.149038847	0.500876982	0.593019617	3.547005088	-2.866431054
Kyrgyz Republic	KGZ	-0.471566848	5.956274377	-0.088150193	10.91546938	4.024038629	3.875825531	4.335855901	4.583638398
Lao PDR	LAO	8.526905517	8.038652681	8.026098434	8.026300226	7.611963441	7.269591775	7.023091874	6.892747966
Latvia	LVA	-3.940670306	6.381021259	4.034628375	2.429851208	1.858243652	2.971703832	2.208819298	4.549337701
Lebanon	LBN	8.037249555	0.9176978	2.804246836	2.636234039	2.002921346	0.815560066	2	2.020832396
Lesotho	LSO	6.072038616	6.901334072	5.998071843	1.843045061	3.121721844	2.516587746	2.397154488	5.590876671
Liberia	LBR	6.099944692	8.199998146	7.99445127	8.703875016	0.701141636	0	-1.6	2.454596437
Libya	LBY	5.021289739	-62.07591958	123.139555	-13.6	-24	-8.862039401	-2.795468829	26.67587032
Lithuania	LTU	1.639819649	6.043130715	3.82695401	3.49858087	3.537585824	2.034648974	2.344880739	3.828936273
Luxembourg	LUX	4.86496856	2.539234839	-0.35251936	3.654370385	5.771915882	2.861674636	3.082643316	2.297941306
Macao SAR. China	MAC	25.26383542	21.67270836	9.237171168	11.20019047	-1.201113351	-21.59450546	-0.863118776	9.096103681
Macedonia. FYR	MKD	3.358760114	2.339892284	-0.456184412	2.925265321	3.629641308	3.841623807	2.923495718	0.02020369
Madagascar	MDG	0.263110856	1.454392168	3.027508092	2.25520404	3.315854165	3.116614714	4.179990236	4.170794766
Malawi	MWI	6.874065635	4.854055109	1.885799507	5.199999998	5.700000004	2.799999999	2.484040626	4.000030517
Malaysia	MYS	7.424847393	5.29391284	5.473454192	4.69372252	6.00672195	5.028006349	4.21985132	5.901769222
Maldives	MDV	7.265129068	8.566733531	2.517383942	7.281073979	7.329606386	2.245924401	6.163158257	8.828456057
Mali	MLI	5.413452222	3.240252913	-0.836178866	2.303584809	7.043356204	5.962581591	5.799999995	5.3
Malta	MLT	3.542683214	1.322827487	2.712807322	4.611106258	8.114239586	9.621648064	5.230584947	6.422489314
Marshall Islands	MHL	6.453637685	1.206520774	3.457866763	2.860079216	-0.756942819	-0.364546612	1.910494988	2.5
Mauritania	MRT	4.773697175	4.704066531	5.795078172	6.090258732	5.579543856	1.399996443	1.999999062	3.5
Mauritius	MUS	4.377203239	4.077538074	3.496118338	3.360406103	3.744574431	3.468664134	3.79999999	3.8
Mexico	MEX	5.118118143	3.66300793	3.642322679	1.354091962	2.845283745	3.270472129	2.913328277	2.036585834
Micronesia. Fed. Sts.	FSM	2.041890243	3.347067156	-1.989479307	-3.858525094	-2.156058931	4.931500557	-0.063760472	2
Moldova	MDA	7.100000092	6.800000288	-0.700000153	9.400000099	4.799999749	-0.40000013	4.499999966	4.4999999
Mongolia	MNG	6.365161685	17.29077758	12.31981985	11.64891619	7.885225482	2.379835807	1.243202563	5.88462458
Montenegro	MNE	2.73434386	3.228446862	-2.723766679	3.549017057	1.783682741	3.390415207	2.949341515	4.300004056
Morocco	MAR	3.815717917	5.245697297	3.009961262	4.5354242	2.669493927	4.549502042	1.222443647	4.100000007
Mozambique	MOZ	6.687221632	7.117606632	7.198185826	7.1416833	7.444069492	6.593985906	3.762943039	3.710697424
Myanmar	MMR	9.634439452	5.591482378	7.332670447	8.426001025	7.991243344	6.992515574	5.871982226	6.368840526
Namibia	NAM	6.03924941	5.091338198	5.061682013	5.614719701	6.351677961	6.106731719	0.700099218	-0.770335374
Nauru	NRU	13.55082678	11.68452207	10.08655154	34.21498251	36.52409809	2.808191226	10.400004	4.154685104
Nepal	NPL	4.81641465	3.421828241	4.781192258	4.128877676	5.988984661	3.322905439	0.412891877	7.499402289
Netherlands	NLD	1.402662177	1.663626344	-1.057037404	-0.1903392	1.419690296	2.260757029	2.209941516	3.162212293
New Zealand	NZL	0.962157189	2.69579849	2.499416581	2.018009991	3.544991417	4.434294944	3.471456835	3.028657043
Nicaragua	NIC	4.410099117	6.316685535	6.496136543	4.927094063	4.7854602	4.768608794	4.658759192	4.861094976
Niger	NER	8.369239798	2.278284739	11.84981918	5.268414897	7.529043068	4.337591116	4.925714486	4.894516591
Nigeria	NGA	7.839739477	4.887386611	4.279277314	5.394416311	6.309718596	2.652693289	-1.61686895	0.81454403
Northern Mariana Islands	MNP	1.383647799	-7.692307692	0.537634409	2.673796791	3.515625	3.773584906	28.60606061	
Norway	NOR	0.691663072	0.971934879	2.721626792	1.044389078	1.975117446	1.970097786	1.091465072	1.918745912
Oman	OMN	4.804711285	-1.108745787	9.332675576	4.372615776	2.751031637	4.738955823	5.384165936	-0.2726752
Pakistan	PAK	1.606691959	2.74840255	3.50703342	4.396456633	4.674707981	4.731147475	5.526735845	5.700621241
Palau	PLW	-0.920003647	6.339645919	3.964637773	-1.51623473	2.697243401	10.13790025	0.058822947	-3.720478368
Panama	PAN	5.827993494	11.31362591	9.778827683	6.903436783	5.066613016	5.575764718	4.988592404	5.356521266
Papua New Guinea	PNG	10.12468634	1.107310928	4.648420685	3.82993118	15.42145307	5.298986928	1.9	2.2
Paraguay	PRY	13.09300368	4.342407086	-1.238968506	14.03627767	4.722333745	2.962236311	4.019554951	0.772051674
Peru	PER	8.332459107	6.327192402	6.139724706	5.852518211	2.376022873	3.251369628	3.951309192	2.527430678
Philippines	PHL	7.63226478	3.659751601	6.683818881	7.064024264	6.145298786	6.066548903	6.875714823	6.684517503
Poland	POL	3.606928261	5.0172352	1.607906645	1.391892321	3.283146264	3.844593971	2.864328679	4.550386923
Portugal	PRT	1.898691176	-1.826852351	-4.028256748	-1.130155823	0.893187725	1.822066826	1.619414633	2.679827103
Puerto Rico	PRI	-0.413254118	-0.358510628	0.02927511	-0.306826657	-1.190363454	-1.112697789	-2.606125218	
Qatar	QAT	19.59233153	13.37517641	4.687259177	4.410274619	3.978882147	3.551015687	2.223120972	1.596131504
Romania	ROU	-2.81159948	2.029777987	1.238182574	3.531597971	3.076313965	3.973807549	4.820774465	6.947074694
Russian Federation	RUS	4.503725626	5.284885415	3.655901573	1.785354501	0.738600773	-2.828240813	-0.224910984	1.545630229
Rwanda	RWA	7.334638773	8.017106915	8.64572902	4.658872927	7.62457575	8.867977374	5.981314913	6.100594048
Samoa	WSM	0.479158713	5.778544297	0.402103619	-1.933858756	1.196147337	1.634776026	7.145168855	2.5
San Marino	SMR	-4.655493482	-9.440104167	-7.54852624	-3.032659409	-0.882117081	0.485436893	0.966183575	1.236044657
Sao Tome and Principe	STP	6.67198532	4.398201688	3.141975849	4.814794387	6.549933102	3.819988535	4.179209268	3.874960221
Saudi Arabia	SAU	5.039493675	9.996857794	5.411444902	2.699254723	3.652481698	4.10640887	1.670642347	-0.735462899
Senegal	SEN	4.179363063	1.761118048	4.411180285	3.455471651	4.075083326	6.456907802	6.741818201	6.78708045
Serbia	SRB	0.584478088	1.401465736	-1.015270388	2.571734107	-1.831301107	0.757715153	2.797323719	1.867428896
Seychelles	SYC	5.954962469	7.887279597	1.260828819	6.018076268	4.504785431	4.937386459	4.503031591	4.2
Sierra Leone	SLE	5.346466053	6.315045036	15.18176908	20.71576829	4.556772366	-20.59877072	6.055474029	4.157662051
Singapore	SGP	15.24037704	6.350673205	4.08329765	5.111087259	3.883887305	2.241057968	2.397021458	3.618542336
Slovak Republic	SVK	5.041716665	2.819099518	1.657148687	1.490646438	2.750335017	3.850100604	3.324695296	3.400166311
Slovenia	SVN	1.237755909	0.649366928	-2.669582052	-1.132054981	2.979196038	2.258902398	3.14835549	5.000808222
Solomon Islands	SLB	6.80904496	13.19563266	4.555394299	3.017849444	2.250090711	2.542240201	3.456606233	3.238417147
South Africa	ZAF	3.039777063	3.284165053	2.213353653	2.485185835	1.847008442	1.279538256	0.565362939	1.32006117
Spain	ESP	0.014063878	-0.998764958	-2.927750507	-1.705705	1.379997238	3.432253328	3.27446274	3.051719616
Sri Lanka	LKA	8.015959407	8.404738131	9.144579388	3.395722774	4.960706541	5.007683305	4.468829688	3.112558095
St. Kitts and Nevis	KNA	-2.249103079	2.398730628	-0.600550412	6.219894476	5.963056556	3.976354829	2.209120435	1.743095266
St. Lucia	LCA	-1.622156007	0.630457972	0.181454981	3.394611044	-0.21548569	1.963608034	1.653612508	2.690312051
St. Vincent and the Grenadines	VCT	-3.35352589	-0.419351482	1.380643001	1.832286046	0.984189177	1.822457378	1.270207852	1.596351197
Sudan	SDN	3.469335093	-1.967728979	0.521559267	4.394711132	2.679411813	4.906045175	4.700000042	4.283071004
Suriname	SUR	5.168825162	5.849367784	2.690350057	2.93344123	0.255503145	-2.597529896	-5.142397102	0.095480586
Sweden	SWE	5.988926547	2.664407951	-0.286320615	1.241204917	2.604326565	4.521969347	3.234941922	2.28811587
Switzerland	CHE	3.002699108	1.692808495	1.006024097	1.852039757	2.449218097	1.226384359	1.375884496	1.086792219
Tajikistan	TJK	6.500000353	7.399999383	7.499999169	7.40000057	6.69925066	6	6.900001455	7.100000708
Tanzania	TZA	6.358886081	7.904507572	5.141013621	7.263060997	6.965134936	6.959314247	6.968129493	7.104161265
Thailand	THA	7.513590658	0.839959472	7.242786605	2.687379919	0.984414064	3.020173993	3.282683075	3.902975042
Timor-Leste	TLS	-1.167360954	11.83147299	4.964954576	-11.00132909	-26.04971323	20.88076021	0.824533627	-8
Togo	TGO	3.99567877	4.883763946	4.820343516	3.967792633	5.871726319	5.384842189	5.398146189	5.565791042
Tonga	TON	3.585657371	2.785145889	0.890322581	-3.120603658	2.072607261	3.71184687	3.37947375	2.7
Trinidad and Tobago	TTO	3.323330512	-0.29435443	1.29397895	0.98084981	-0.252162763	1.517162962	-5.957061347	-2.336014124
Tunisia	TUN	3.510608639	-1.91717768	3.997674002	2.875523842	2.971398345	1.153615837	1.108392968	1.955125675
Turkey	TUR	8.487372187	11.11349555	4.789940207	8.491309393	5.166690703	6.085886632	3.183831543	7.418643975
Turkmenistan	TKM	9.199999988	14.69999993	11.09999996	10.2000001	10.29999997	6.49999991	6.199999966	6.500000047
Tuvalu	TUV	-2.729427912	7.515856516	-3.835524508	4.576641646	1.347923876	9.142911919	3.034951029	3.241589118
Uganda	UGA	5.637599803	9.391667749	3.837455606	3.586905826	5.106307324	5.187859863	4.656575598	3.964779888
Ukraine	UKR	4.200000018	5.465531905	0.238681306	-0.026729649	-6.552618891	-9.772973947	2.307601934	2.500467472
United Arab Emirates	ARE	1.602809961	6.930271629	4.484626085	5.053345825	4.398696682	5.064701529	2.988441821	0.790400388
United Kingdom	GBR	1.69454714	1.45262397	1.481329829	2.052388508	3.054251012	2.345939517	1.93579095	1.787150985
United States	USA	2.531920616	1.601454672	2.224030854	1.67733153	2.569193594	2.861587025	1.485279193	2.273338548
Uruguay	URY	7.803409668	5.162133026	3.538178707	4.637538643	3.238791216	0.370741267	1.689798162	2.656684456
Uzbekistan	UZB	8.500000001	8.299999999	8.200000001	8.000000001	7.792522371	7.999999999	7.800000002	5.299999999
Vanuatu	VUT	1.629081596	1.223225535	1.754749927	1.96914608	2.331006215	-0.801094177	4.000574486	4.500680305
Venezuela. RB	VEN	-1.488791251	4.176425359	5.625956975	1.343094036	-3.894386475			
Vietnam	VNM	6.423238217	6.240302749	5.247367156	5.421882991	5.983654637	6.679288789	6.210811668	6.81224566
Virgin Islands (U.S.)	VIR	0.904116108	-8.158453195	-15.01925546	-5.80060423	-0.962155228	0.194300518		
West Bank and Gaza	PSE	8.099088919	12.4136354	6.284236374	2.217422213	-0.181891133	3.428732213	4.708435256	3.14023678
Yemen. Rep.	YEM	7.70230704	-12.7148969	2.392972347	4.823414981	-0.188591449	-37.14675128	-34.33975436	
Zambia	ZMB	10.29820585	5.564624717	7.597616969	5.059376378	4.695826373	2.91988111	3.757177805	4.076715497
Zimbabwe	ZWE	12.58102697	15.44573298	14.77959514	5.529787208	2.127083908	1.689594592	0.615713754	3.447095145
Arab World	ARB	4.748924979	3.609237914	6.695225909	3.134329137	2.453628864	3.277541767	3.004694683	1.192245953
Caribbean small states	CSS	1.413614189	1.050031515	1.358767933	0.985441793	0.5843024	1.209958924	-1.889666267	0.029012751
Central Europe and the Baltics	CEB	1.712525407	3.210544154	0.639478863	1.345862088	2.973749693	3.805115506	3.064467377	4.582488748
Early-demographic dividend	EAR	6.464632154	5.23193225	4.233965537	4.305662775	4.015277276	4.659343835	4.53092925	4.61047763
East Asia & Pacific	EAS	7.065366062	4.616971781	4.682202389	4.749631862	4.127668998	4.16457268	4.105563478	4.552451877
East Asia & Pacific (excluding high income)	EAP	9.778051828	8.45933628	7.507055058	7.193213626	6.761650304	6.492873594	6.332613497	6.583177307
East Asia & Pacific (IDA & IBRD countries)	TEA	9.778523387	8.459884872	7.50777997	7.193620769	6.761885732	6.493215447	6.332926685	6.582982023
Euro area	EMU	2.084709719	1.605547544	-0.890487771	-0.24704271	1.333683054	2.085502446	1.800978124	2.366339651
Europe & Central Asia	ECS	2.577869633	2.404697901	0.291667621	0.892296959	1.833802277	1.968127006	1.822728052	2.594949652
Europe & Central Asia (excluding high income)	ECA	5.166788503	6.556370975	3.638076192	4.022562328	2.2121431	0.566405766	1.505102375	3.989558844
Europe & Central Asia (IDA & IBRD countries)	TEC	4.843285035	6.240087722	3.282555408	3.616899346	2.31419765	1.006081671	1.705161879	4.046398363
European Union	EUU	2.100617664	1.706003477	-0.424744451	0.258024319	1.743221281	2.316113007	1.957070595	2.435083499
Fragile and conflict affected situations	FCS	6.190742227	-5.451466484	14.07921357	3.6404464	1.084763601	2.188887527	4.298242127	3.443579705
Heavily indebted poor countries (HIPC)	HPC	5.689597141	4.738977893	5.797213623	5.769791882	5.607802687	5.0884916	4.521366354	5.253526817
High income	HIC	2.988709108	1.883480993	1.249631763	1.394706713	2.015649346	2.338285782	1.656341386	2.231991588
IBRD only	IBD	7.457744036	6.184729883	5.011057197	4.978403628	4.268634965	3.838527334	4.087308381	4.869962675
IDA & IBRD total	IBT	7.368798217	6.083677798	5.024172429	5.019435512	4.363386043	3.844473842	4.013148382	4.839401002
IDA blend	IDB	6.099874341	4.78982245	4.531436362	5.259547077	5.860227858	3.833706339	1.576902167	2.732859258
IDA only	IDX	6.088175754	4.432689214	5.954502672	6.009385811	5.634441428	4.029041498	4.419870028	6.126607627
IDA total	IDA	6.094212891	4.617000144	5.217689661	5.623678229	5.750182727	3.92880575	2.962343113	4.398720892
Late-demographic dividend	LTE	7.635175369	6.842968774	5.364998463	5.211663947	4.580160374	3.814688231	3.688738577	4.815785227
Latin America & Caribbean	LCN	5.836391917	4.354679272	2.802545333	2.789156133	0.993294581	0.08098876	-0.47616584	1.725354183
Latin America & Caribbean (excluding high income)	LAC	5.613853703	4.212547629	3.07326064	2.800583161	1.275629672	-0.339278681	-0.445587577	1.598900751
Latin America & the Caribbean (IDA & IBRD countries)	TLA	6.026440498	4.48524266	2.865253449	2.858141378	1.03412214	0.042132848	-0.437705449	1.72596343
Least developed countries: UN classification	LDC	5.937644124	4.19888266	5.625139832	5.906120105	5.435476768	3.775027461	3.610156926	5.264221626
Low & middle income	LMY	7.438798908	6.12119646	5.246518397	5.169146415	4.55113571	3.895941831	4.1863081	4.923936679
Low income	LIC	6.731313251	4.526019972	6.308557563	5.745883169	5.702758028	1.782688265	2.477560912	5.685067696
Lower middle income	LMC	7.412309742	5.51003669	5.156841378	5.541562998	5.665554223	5.703220568	5.182539506	5.317656577
Middle East & North Africa	MEA	5.005113046	3.652631412	3.893473512	2.661312619	2.875874948	2.523570392	4.639968963	1.832862744
Middle East & North Africa (excluding high income)	MNA	5.235865241	-0.959815542	2.864761779	1.610294091	2.089966968	0.944366683	6.993967056	3.496766235
Middle East & North Africa (IDA & IBRD countries)	TMN	5.252893996	-1.017739703	2.778685414	1.658705004	2.114586233	0.858804575	7.023459808	3.552335742
Middle income	MIC	7.449505041	6.14517436	5.230913828	5.160585626	4.53394647	3.928398233	4.212086547	4.912995957
North America	NAC	2.583647534	1.749551283	2.174510945	1.754386567	2.597542706	2.677036753	1.478334942	2.348806386
OECD members	OED	2.873752206	1.802076754	1.254383563	1.422244758	2.077863873	2.435955072	1.733850159	2.379211309
Other small states	OSS	8.285082505	7.665297377	3.650985856	3.010396093	2.911711049	2.691151709	2.177079791	2.243014202
Pacific island small states	PSS	2.843961903	4.104403886	1.779553476	2.797493936	3.907773869	3.277431085	2.070974212	3.285109642
Post-demographic dividend	PST	2.788413064	1.56786128	1.114181788	1.279444552	1.913515334	2.115451741	1.620084653	2.219880946
Pre-demographic dividend	PRE	6.067989276	4.697313302	6.157713007	5.604861547	4.776667094	3.71417308	2.637736809	1.931096703
Small states	SST	7.025717982	6.54269098	3.271290079	2.703748579	2.584639688	2.486621614	1.595444027	1.954959582
South Asia	SAS	9.055342489	6.313794584	5.518076888	6.073081094	6.990614281	7.605595983	6.834688026	6.476724425
South Asia (IDA & IBRD)	TSA	9.055342489	6.313794584	5.518076888	6.073081094	6.990614281	7.605595983	6.834688026	6.476724425
Sub-Saharan Africa	SSF	5.404214929	4.469915876	4.306140037	4.801882443	4.684807157	3.106489677	1.325715595	2.614185528
Sub-Saharan Africa (excluding high income)	SSA	5.403821017	4.467458893	4.308404898	4.801004361	4.68493864	3.105154735	1.323357785	2.612971804
Sub-Saharan Africa (IDA & IBRD countries)	TSS	5.404214929	4.469915876	4.306140037	4.801882443	4.684807157	3.106489677	1.325715595	2.614185528
Upper middle income	UMC	7.460381826	6.330820556	5.252397548	5.050188565	4.20450298	3.392452025	3.911319775	4.786044149
World	WLD	4.311472256	3.180881833	2.508079253	2.614862833	2.855754385	2.856945528	2.505727885	3.151509859
